{"loss": 0.23504921793937683, "acc": 0.9153000116348267}