{"loss": 0.2348734587430954, "acc": 0.9194999933242798}